group1	group2	bracket_label	p_value	p_value_talk	p_adj_bh	p_adj_bh_talk	significance_stars	median_difference_group1_minus_group2	cliff_delta_group1_vs_group2	bracket_y
AFR	EAS	***  BH p=7.2e-21	7.208133622146158e-22	7.2e-22	7.208133622146158e-21	7.2e-21	***	2.662559698448166e-5	0.12540098885754514	5.5e-4
EAS	SAS	***  BH p=1.8e-14	3.602868049183528e-15	3.6e-15	1.801434024591764e-14	1.8e-14	***	-2.0203886180630447e-5	-0.11939563906839823	6.5e-4
AFR	AMR	***  BH p=3.0e-11	8.884251360299448e-12	8.9e-12	2.961417120099816e-11	3.0e-11	***	1.9315922454286317e-5	0.0929058656373114	7.5e-4
EAS	EUR	***  BH p=1.6e-08	6.463822061412363e-9	6.5e-09	1.6159555153530907e-8	1.6e-08	***	-1.4713454012411447e-5	-0.0914249940798193	8.5e-4
AMR	SAS	***  BH p=1.0e-07	5.156702780472227e-8	5.2e-08	1.0313405560944454e-7	1.0e-07	***	-1.2894211650435102e-5	-0.08531140334720178	9.5e-4
