term_id,term_name,p_value,adjusted_p_value,term_size,query_size,intersection_size,effective_domain_size,source
GO:0030621,U4 snRNA binding,9.113933876265649e-05,9.113933876265649e-05,1042,18,8,20246,GO:MF
GO:0017069,snRNA binding,0.00013658773808576153,0.00013658773808576153,1206,18,8,20246,GO:MF
GO:0004984,olfactory receptor activity,0.008241614944151985,0.008241614944151985,397,18,4,20246,GO:MF
GO:0030621,U4 snRNA binding,9.113933876265649e-05,9.113933876265649e-05,1042,18,8,20246,GO:MF
GO:0017069,snRNA binding,0.00013658773808576153,0.00013658773808576153,1206,18,8,20246,GO:MF
GO:0004984,olfactory receptor activity,0.008241614944151985,0.008241614944151985,397,18,4,20246,GO:MF
