system	community	arms	n_arms	pair_count	mean_similarity	median_similarity	min_similarity	max_similarity	peak_pair	top_pairs	note
C1_D4Z4_DUX4	C1	4q, 10q	2	1	0.582989363243337	0.582989363243337	0.582989363243337	0.582989363243337	10q-4q (0.5830)	10q-4q=0.5830	Known D4Z4/DUX4 4q-10q system
C2_10p_18p_TUBB8B	C2	10p, 18p	2	1	0.620230531420502	0.620230531420502	0.620230531420502	0.620230531420502	10p-18p (0.6202)	10p-18p=0.6202	Known 10p-18p tubulin/TUBB8B system
C6_q_arm_sextet	C6	1q, 13q, 17q, 19q, 21q, 22q	6	15	0.500253066247311	0.433832114622447	0.163348123047521	0.816915492571146	21q-22q (0.8169)	21q-22q=0.8169; 19q-21q=0.8131; 19q-22q=0.7968; 1q-21q=0.7085; 1q-22q=0.6775	Six q-arm community under continuum review
C7_acrocentric_p	C7	13p, 14p, 15p, 21p, 22p	5	10	0.442847992594758	0.438296351160362	0.4000275625	0.47938671213777	15p-22p (0.4794)	15p-22p=0.4794; 14p-22p=0.4727; 14p-15p=0.4670; 21p-22p=0.4434; 15p-21p=0.4398	Acrocentric short-arm community
C11_OR4F_core_5q_6q	C11	5q, 6q	2	1	0.602680592403905	0.602680592403905	0.602680592403905	0.602680592403905	5q-6q (0.6027)	5q-6q=0.6027	Browser-viewed OR4F 5q-6q core pair
C11_OR4F_full	C11	1p, 5q, 6q, 8p	4	6	0.405809174815469	0.398763577317155	0.251959789435904	0.602680592403905	5q-6q (0.6027)	5q-6q=0.6027; 1p-5q=0.4606; 6q-8p=0.4311; 5q-8p=0.3665; 1p-6q=0.3221	Full C11 OR4F-bearing arm-level community
C14_Xq_Yq	C14	Xq, Yq	2	1	0.984675654425442	0.984675654425442	0.984675654425442	0.984675654425442	Xq-Yq (0.9847)	Xq-Yq=0.9847	Sex chromosome q-arm pair
C15_Xp_Yp	C15	Xp, Yp	2	1	0.711415865609626	0.711415865609626	0.711415865609626	0.711415865609626	Xp-Yp (0.7114)	Xp-Yp=0.7114	Sex chromosome p-arm pair
