Superpopulation	n_points	n_samples	min_nearest_distance	q05_nearest_distance	q25_nearest_distance	median_nearest_distance	mean_nearest_distance	q75_nearest_distance	q90_nearest_distance	q95_nearest_distance	q99_nearest_distance	max_nearest_distance	sd_nearest_distance	n_exact_zero	n_le_1e_minus_7
AFR	4549	67	0	7.235599170074038e-7	1.5678421079509e-5	6.528325851313414e-5	4.1095890857738196e-4	2.1045059911685491e-4	6.115618088104341e-4	0.0012675870624968668	0.00753034587916874	0.060706687511809056	0.0020131821403801017	12	133
AMR	2974	44	0	1.8292057416844536e-7	1.0982687510140971e-5	4.596733605884782e-5	5.023747216819145e-4	1.608999904827042e-4	6.115636953428023e-4	0.001352753271166751	0.009914300643332926	0.07489777135922765	0.0028480844162007564	12	130
EAS	3438	52	0	8.878314772689464e-8	9.081811786740232e-6	3.8657661528652474e-5	4.328248064610809e-4	1.518838648272227e-4	5.361580827484861e-4	0.0012712001750571607	0.008088808536332998	0.04801198613865366	0.0023423954412968143	10	173
EUR	2206	33	0	5.013833939250568e-7	1.4465400490011933e-5	5.337111554106392e-5	5.913758261400616e-4	1.8203235859193086e-4	5.799138361319914e-4	0.0014209012409829983	0.010254672042094959	0.08178267602297856	0.0036919243497492314	12	66
SAS	2501	37	0	1.163969293521112e-6	1.697948862029627e-5	5.886154770928292e-5	5.883131504470303e-4	1.9410164545710607e-4	6.86247183495606e-4	0.001957351006714711	0.010386876403221649	0.1096137543768169	0.0037336414407703605	6	41
