sample	n_arms	rho	ci_lo	ci_hi	perm_p	n_boot
HG002	42	0.314623	0.132566	0.388979	9.999000e-05	10000
CHM13	42	0.174868	-0.111499	0.366797	5.599440e-02	10000
