group	n_pairs	mean_similarity	q01	q05	q10	q25	q50	q75	q90	q95	q99	ge_0_05	ge_0_10	ge_0_25	ge_0_50	ge_0_75	ge_0_90
all_pairs	122735278	0.100370943552187	0.0025	0.0025	0.0025	0.0025	0.0125	0.1075	0.3075	0.5525	0.9525	41997148	31991222	15408622	7182560	3137785	1866036
same_arm	3272568	0.787383287375541	0.0225	0.1275	0.3125	0.6825	0.9175	0.9725	0.9875	0.9925	0.9975	3211601	3197479	2996142	2810407	2321163	1736361
different_arm	119462710	0.0815508898969394	0.0025	0.0025	0.0025	0.0025	0.0125	0.0925	0.2575	0.4175	0.7175	38785547	28793743	12412480	4372153	816622	129675
same_sequence_community	3078540	0.815590430853587	0.0375	0.3425	0.4625	0.7175	0.9225	0.9775	0.9925	0.9975	0.9975	3044049	3034494	2980573	2713456	2245356	1698810
different_sequence_community	119656738	0.0819697081747289	0.0025	0.0025	0.0025	0.0025	0.0125	0.0925	0.2575	0.4175	0.7275	38953099	28956728	12428049	4469104	892429	167226
c6_within	3646350	0.56266913077461	0.0825	0.1825	0.2725	0.3275	0.5775	0.7625	0.9075	0.9575	0.9875	3618961	3588467	3320816	1932266	985565	397874
c6_to_non_c6	35023867	0.0367671373209589	0.0025	0.0025	0.0025	0.0075	0.0175	0.0525	0.1075	0.1325	0.2025	9093195	4082097	118929	5357	1697	54
non_c6_within	84065061	0.106817739030725	0.0025	0.0025	0.0025	0.0025	0.0075	0.1325	0.3275	0.5525	0.9675	29284992	24320658	11968877	5244937	2150523	1468108
c6_background_different_arm_outside_c6	81399131	0.0851822737825051	0.0025	0.0025	0.0025	0.0025	0.0075	0.1125	0.2775	0.4275	0.6625	26680029	21728925	9578035	3038848	349787	49150
