stage	short_stage	rho
leptotene	lepto	0.686765046233048
zygotene	zygo	0.718284926838348
pachytene	pachy	0.682942591879132
diplotene	diplo	0.577076371593331
