	chr13_p	chr14_p	chr15_p	chr21_p	chr22_p
chr13_p	0.59797691966759	0.57554708038382	0.568706915524104	0.5999724375	0.563231645621902
chr14_p	0.57554708038382	0.534596556587403	0.532997575208249	0.566417000188225	0.527304312550179
chr15_p	0.568706915524104	0.532997575208249	0.522722426664784	0.560175652057375	0.52061328786223
chr21_p	0.5999724375	0.566417000188225	0.560175652057375	0.585216493014269	0.556554167156332
chr22_p	0.563231645621902	0.527304312550179	0.52061328786223	0.556554167156332	0.512534068571658
