test	within_mean	between_mean	n_within	n_between	U_statistic	p_value
within_vs_between	0.1107811387283807	0.0001441776744001765	256	2670	546519.0	4.165994905053416e-67
mantel	NA	NA	NA	41	0.44836003789667345	0.0
