test	within_mean	between_mean	n_within	n_between	U_statistic	p_value
within_vs_between	0.10514835921015145	0.002941896558786842	256	2670	612459.5	4.208463472550267e-98
mantel	NA	NA	NA	41	0.6484004613368065	0.0
